season,error
1,No usable table; infobox First aired not found.
2,No usable table; infobox First aired not found.
3,No usable table; infobox First aired not found.
4,No usable table; infobox First aired not found.
5,No usable table; infobox First aired not found.
6,No usable table; infobox First aired not found.
7,No usable table; infobox First aired not found.
8,No usable table; infobox First aired not found.
9,No usable table; infobox First aired not found.
10,No usable table; infobox First aired not found.
11,No usable table; infobox First aired not found.
12,No usable table; infobox First aired not found.
13,No usable table; infobox First aired not found.
15,No usable table; infobox First aired not found.
16,No usable table; infobox First aired not found.
17,No usable table; infobox First aired not found.
18,No usable table; infobox First aired not found.
19,No usable table; infobox First aired not found.
21,No usable table; infobox First aired not found.
23,No usable table; infobox First aired not found.
24,No usable table; infobox First aired not found.
25,No usable table; infobox First aired not found.
26,No usable table; infobox First aired not found.
27,No usable table; infobox First aired not found.
28,No usable table; infobox First aired not found.
29,No usable table; infobox First aired not found.
30,No usable table; infobox First aired not found.
31,No usable table; infobox First aired not found.
32,No usable table; infobox First aired not found.
33,No usable table; infobox First aired not found.
34,No usable table; infobox First aired not found.
